0	nonhsat000009.2
1	nonhsat000032.2
2	nonhsat000090.2
3	nonhsat000091.2
4	nonhsat000092.2
5	nonhsat000108.2
6	nonhsat000115.2
7	nonhsat000117.2
8	nonhsat000157.2
9	nonhsat000159.2
10	nonhsat000162.2
11	nonhsat000201.2
12	nonhsat000204.2
13	nonhsat000208.2
14	nonhsat000307.2
15	nonhsat000372.2
16	nonhsat000416.2
17	nonhsat000539.2
18	nonhsat000771.2
19	nonhsat000786.2
20	nonhsat000825.2
21	nonhsat001050.2
22	nonhsat001062.2
23	nonhsat001063.2
24	nonhsat001136.2
25	nonhsat001159.2
26	nonhsat001162.2
27	nonhsat001263.2
28	nonhsat001281.2
29	nonhsat001301.2
30	nonhsat001403.2
31	nonhsat001461.2
32	nonhsat001463.2
33	nonhsat001501.2
34	nonhsat001511.2
35	nonhsat001523.2
36	nonhsat001652.2
37	nonhsat001699.2
38	nonhsat001705.2
39	nonhsat001933.2
40	nonhsat001945.2
41	nonhsat001953.2
42	nonhsat001963.2
43	nonhsat001968.2
44	nonhsat001969.2
45	nonhsat001993.2
46	nonhsat002083.2
47	nonhsat002153.2
48	nonhsat002205.2
49	nonhsat002344.2
50	nonhsat002390.2
51	nonhsat002396.2
52	nonhsat002540.2
53	nonhsat002564.2
54	nonhsat002658.2
55	nonhsat002679.2
56	nonhsat002771.2
57	nonhsat002817.2
58	nonhsat002921.2
59	nonhsat002954.2
60	nonhsat002955.2
61	nonhsat002967.2
62	nonhsat003055.2
63	nonhsat003081.2
64	nonhsat003132.2
65	nonhsat003175.2
66	nonhsat003218.2
67	nonhsat003311.2
68	nonhsat003439.2
69	nonhsat003470.2
70	nonhsat003530.2
71	nonhsat003604.2
72	nonhsat003716.2
73	nonhsat003726.2
74	nonhsat003825.2
75	nonhsat003885.2
76	nonhsat004175.2
77	nonhsat004185.2
78	nonhsat004190.2
79	nonhsat004237.2
80	nonhsat004238.2
81	nonhsat004284.2
82	nonhsat004366.2
83	nonhsat004374.2
84	nonhsat004411.2
85	nonhsat004412.2
86	nonhsat004417.2
87	nonhsat004455.2
88	nonhsat004485.2
89	nonhsat004512.2
90	nonhsat004527.2
91	nonhsat004532.2
92	nonhsat004544.2
93	nonhsat004595.2
94	nonhsat004624.2
95	nonhsat004632.2
96	nonhsat004700.2
97	nonhsat004775.2
98	nonhsat004785.2
99	nonhsat004818.2
100	nonhsat004992.2
101	nonhsat005107.2
102	nonhsat005151.2
103	nonhsat005180.2
104	nonhsat005198.2
105	nonhsat005206.2
106	nonhsat005231.2
107	nonhsat005300.2
108	nonhsat005301.2
109	nonhsat005306.2
110	nonhsat005319.2
111	nonhsat005346.2
112	nonhsat005398.2
113	nonhsat005430.2
114	nonhsat005431.2
115	nonhsat005448.2
116	nonhsat005480.2
117	nonhsat005481.2
118	nonhsat005482.2
119	nonhsat005499.2
120	nonhsat005505.2
121	nonhsat005533.2
122	nonhsat005570.2
123	nonhsat005619.2
124	nonhsat005662.2
125	nonhsat005705.2
126	nonhsat005724.2
127	nonhsat005727.2
128	nonhsat005809.2
129	nonhsat005942.2
130	nonhsat006085.2
131	nonhsat006105.2
132	nonhsat006133.2
133	nonhsat006136.2
134	nonhsat006185.2
135	nonhsat006254.2
136	nonhsat006319.2
137	nonhsat006360.2
138	nonhsat006361.2
139	nonhsat006480.2
140	nonhsat006710.2
141	nonhsat006742.2
142	nonhsat006788.2
143	nonhsat006903.2
144	nonhsat007037.2
145	nonhsat007045.2
146	nonhsat007119.2
147	nonhsat007159.2
148	nonhsat007235.2
149	nonhsat007429.2
150	nonhsat007660.2
151	nonhsat007664.2
152	nonhsat007667.2
153	nonhsat007673.2
154	nonhsat007680.2
155	nonhsat007691.2
156	nonhsat007698.2
157	nonhsat007706.2
158	nonhsat007719.2
159	nonhsat007787.2
160	nonhsat007813.2
161	nonhsat008225.2
162	nonhsat008230.2
163	nonhsat008249.2
164	nonhsat008275.2
165	nonhsat008282.2
166	nonhsat008410.2
167	nonhsat008555.2
168	nonhsat008565.2
169	nonhsat008654.2
170	nonhsat008664.2
171	nonhsat008692.2
172	nonhsat008756.2
173	nonhsat009144.2
174	nonhsat009289.2
175	nonhsat009409.2
176	nonhsat009463.2
177	nonhsat009495.2
178	nonhsat009549.2
179	nonhsat009563.2
180	nonhsat009594.2
181	nonhsat009599.2
182	nonhsat009689.2
183	nonhsat009703.2
184	nonhsat009754.2
185	nonhsat009806.2
186	nonhsat009808.2
187	nonhsat009877.2
188	nonhsat009902.2
189	nonhsat009920.2
190	nonhsat009976.2
191	nonhsat010086.2
192	nonhsat010129.2
193	nonhsat010167.2
194	nonhsat010174.2
195	nonhsat010195.2
196	nonhsat010460.2
197	nonhsat010557.2
198	nonhsat010583.2
199	nonhsat010722.2
200	nonhsat010724.2
201	nonhsat010774.2
202	nonhsat010896.2
203	nonhsat010899.2
204	nonhsat010902.2
205	nonhsat011004.2
206	nonhsat011123.2
207	nonhsat011260.2
208	nonhsat011501.2
209	nonhsat011546.2
210	nonhsat011558.2
211	nonhsat011609.2
212	nonhsat011627.2
213	nonhsat011652.2
214	nonhsat011709.2
215	nonhsat011868.2
216	nonhsat011908.2
217	nonhsat011934.2
218	nonhsat012531.2
219	nonhsat012532.2
220	nonhsat012538.2
221	nonhsat012542.2
222	nonhsat012566.2
223	nonhsat012820.2
224	nonhsat012822.2
225	nonhsat012864.2
226	nonhsat012887.2
227	nonhsat012889.2
228	nonhsat013031.2
229	nonhsat013096.2
230	nonhsat013309.2
231	nonhsat013416.2
232	nonhsat013469.2
233	nonhsat013470.2
234	nonhsat013498.2
235	nonhsat013501.2
236	nonhsat013550.2
237	nonhsat013600.2
238	nonhsat013639.2
239	nonhsat013937.2
240	nonhsat013940.2
241	nonhsat014054.2
242	nonhsat014068.2
243	nonhsat014162.2
244	nonhsat015135.2
245	nonhsat015165.2
246	nonhsat015183.2
247	nonhsat015218.2
248	nonhsat015341.2
249	nonhsat015415.2
250	nonhsat015462.2
251	nonhsat015494.2
252	nonhsat015639.2
253	nonhsat015736.2
254	nonhsat015792.2
255	nonhsat015961.2
256	nonhsat015967.2
257	nonhsat016036.2
258	nonhsat016118.2
259	nonhsat016234.2
260	nonhsat016378.2
261	nonhsat016408.2
262	nonhsat016411.2
263	nonhsat016413.2
264	nonhsat016414.2
265	nonhsat016441.2
266	nonhsat016525.2
267	nonhsat016573.2
268	nonhsat016596.2
269	nonhsat016672.2
270	nonhsat016749.2
271	nonhsat016752.2
272	nonhsat016859.2
273	nonhsat016928.2
274	nonhsat017009.2
275	nonhsat017060.2
276	nonhsat017096.2
277	nonhsat017187.2
278	nonhsat017193.2
279	nonhsat017355.2
280	nonhsat017356.2
281	nonhsat017400.2
282	nonhsat017458.2
283	nonhsat017465.2
284	nonhsat017635.2
285	nonhsat017862.2
286	nonhsat017922.2
287	nonhsat017995.2
288	nonhsat018001.2
289	nonhsat018076.2
290	nonhsat018082.2
291	nonhsat018085.2
292	nonhsat018186.2
293	nonhsat018227.2
294	nonhsat018229.2
295	nonhsat018446.2
296	nonhsat018481.2
297	nonhsat018549.2
298	nonhsat018688.2
299	nonhsat018796.2
300	nonhsat018823.2
301	nonhsat021344.2
302	nonhsat021424.2
303	nonhsat021478.2
304	nonhsat021676.2
305	nonhsat021830.2
306	nonhsat021840.2
307	nonhsat021853.2
308	nonhsat021854.2
309	nonhsat021887.2
310	nonhsat021908.2
311	nonhsat022018.2
312	nonhsat022112.2
313	nonhsat022115.2
314	nonhsat022389.2
315	nonhsat022469.2
316	nonhsat023031.2
317	nonhsat023259.2
318	nonhsat023309.2
319	nonhsat023362.2
320	nonhsat023366.2
321	nonhsat023378.2
322	nonhsat023404.2
323	nonhsat023586.2
324	nonhsat023638.2
325	nonhsat023656.2
326	nonhsat023660.2
327	nonhsat023690.2
328	nonhsat023788.2
329	nonhsat023992.2
330	nonhsat024217.2
331	nonhsat024232.2
332	nonhsat024258.2
333	nonhsat024276.2
334	nonhsat024353.2
335	nonhsat024372.2
336	nonhsat024403.2
337	nonhsat024449.2
338	nonhsat024536.2
339	nonhsat024778.2
340	nonhsat024787.2
341	nonhsat024790.2
342	nonhsat024858.2
343	nonhsat025024.2
344	nonhsat025025.2
345	nonhsat025106.2
346	nonhsat025148.2
347	nonhsat025149.2
348	nonhsat025216.2
349	nonhsat025227.2
350	nonhsat025325.2
351	nonhsat025371.2
352	nonhsat025386.2
353	nonhsat025390.2
354	nonhsat025475.2
355	nonhsat026037.2
356	nonhsat026070.2
357	nonhsat026096.2
358	nonhsat026116.2
359	nonhsat026202.2
360	nonhsat026210.2
361	nonhsat026230.2
362	nonhsat026280.2
363	nonhsat026291.2
364	nonhsat026329.2
365	nonhsat026383.2
366	nonhsat026404.2
367	nonhsat026823.2
368	nonhsat026833.2
369	nonhsat026882.2
370	nonhsat026922.2
371	nonhsat027013.2
372	nonhsat027070.2
373	nonhsat027206.2
374	nonhsat027208.2
375	nonhsat027210.2
376	nonhsat027274.2
377	nonhsat027463.2
378	nonhsat027475.2
379	nonhsat027487.2
380	nonhsat027515.2
381	nonhsat027516.2
382	nonhsat027609.2
383	nonhsat027801.2
384	nonhsat028145.2
385	nonhsat028295.2
386	nonhsat028415.2
387	nonhsat028567.2
388	nonhsat028579.2
389	nonhsat028659.2
390	nonhsat028690.2
391	nonhsat028908.2
392	nonhsat028938.2
393	nonhsat028994.2
394	nonhsat029094.2
395	nonhsat029172.2
396	nonhsat029233.2
397	nonhsat029248.2
398	nonhsat029339.2
399	nonhsat029458.2
400	nonhsat029652.2
401	nonhsat029682.2
402	nonhsat029740.2
403	nonhsat029810.2
404	nonhsat029869.2
405	nonhsat029964.2
406	nonhsat030018.2
407	nonhsat030089.2
408	nonhsat030091.2
409	nonhsat030092.2
410	nonhsat030098.2
411	nonhsat030101.2
412	nonhsat030139.2
413	nonhsat030153.2
414	nonhsat030457.2
415	nonhsat030458.2
416	nonhsat030759.2
417	nonhsat030943.2
418	nonhsat030961.2
419	nonhsat030969.2
420	nonhsat031120.2
421	nonhsat031122.2
422	nonhsat031176.2
423	nonhsat031447.2
424	nonhsat031461.2
425	nonhsat031489.2
426	nonhsat031496.2
427	nonhsat031584.2
428	nonhsat031708.2
429	nonhsat031824.2
430	nonhsat031917.2
431	nonhsat031937.2
432	nonhsat031956.2
433	nonhsat031972.2
434	nonhsat031994.2
435	nonhsat032056.2
436	nonhsat032173.2
437	nonhsat032246.2
438	nonhsat032279.2
439	nonhsat032281.2
440	nonhsat032361.2
441	nonhsat032437.2
442	nonhsat032525.2
443	nonhsat032526.2
444	nonhsat032581.2
445	nonhsat032621.2
446	nonhsat032698.2
447	nonhsat033103.2
448	nonhsat033104.2
449	nonhsat033179.2
450	nonhsat033191.2
451	nonhsat033244.2
452	nonhsat033274.2
453	nonhsat033296.2
454	nonhsat033305.2
455	nonhsat033347.2
456	nonhsat033355.2
457	nonhsat033364.2
458	nonhsat033428.2
459	nonhsat033438.2
460	nonhsat033599.2
461	nonhsat033606.2
462	nonhsat033662.2
463	nonhsat033690.2
464	nonhsat033743.2
465	nonhsat033777.2
466	nonhsat033780.2
467	nonhsat033788.2
468	nonhsat033789.2
469	nonhsat033790.2
470	nonhsat033791.2
471	nonhsat033794.2
472	nonhsat033797.2
473	nonhsat033800.2
474	nonhsat033804.2
475	nonhsat033822.2
476	nonhsat033826.2
477	nonhsat033844.2
478	nonhsat033865.2
479	nonhsat033967.2
480	nonhsat033969.2
481	nonhsat033970.2
482	nonhsat034093.2
483	nonhsat034218.2
484	nonhsat034263.2
485	nonhsat034295.2
486	nonhsat034312.2
487	nonhsat034313.2
488	nonhsat034426.2
489	nonhsat034457.2
490	nonhsat034472.2
491	nonhsat034478.2
492	nonhsat034482.2
493	nonhsat034483.2
494	nonhsat034484.2
495	nonhsat034532.2
496	nonhsat034588.2
497	nonhsat034596.2
498	nonhsat034665.2
499	nonhsat034667.2
500	nonhsat034695.2
501	nonhsat034726.2
502	nonhsat034741.2
503	nonhsat034768.2
504	nonhsat034821.2
505	nonhsat034878.2
506	nonhsat034904.2
507	nonhsat034955.2
508	nonhsat035181.2
509	nonhsat035212.2
510	nonhsat035297.2
511	nonhsat035381.2
512	nonhsat035478.2
513	nonhsat035489.2
514	nonhsat035522.2
515	nonhsat035599.2
516	nonhsat035663.2
517	nonhsat035664.2
518	nonhsat035689.2
519	nonhsat035861.2
520	nonhsat035905.2
521	nonhsat035915.2
522	nonhsat035952.2
523	nonhsat035954.2
524	nonhsat035959.2
525	nonhsat036096.2
526	nonhsat036115.2
527	nonhsat036206.2
528	nonhsat036311.2
529	nonhsat036318.2
530	nonhsat036395.2
531	nonhsat036457.2
532	nonhsat036563.2
533	nonhsat036690.2
534	nonhsat036719.2
535	nonhsat036725.2
536	nonhsat036790.2
537	nonhsat037013.2
538	nonhsat037119.2
539	nonhsat037120.2
540	nonhsat037132.2
541	nonhsat037134.2
542	nonhsat037192.2
543	nonhsat037203.2
544	nonhsat037464.2
545	nonhsat037556.2
546	nonhsat037567.2
547	nonhsat037576.2
548	nonhsat037624.2
549	nonhsat037636.2
550	nonhsat037642.2
551	nonhsat037723.2
552	nonhsat037763.2
553	nonhsat037814.2
554	nonhsat037890.2
555	nonhsat037897.2
556	nonhsat037909.2
557	nonhsat037936.2
558	nonhsat038064.2
559	nonhsat039159.2
560	nonhsat039166.2
561	nonhsat039179.2
562	nonhsat039186.2
563	nonhsat039199.2
564	nonhsat039419.2
565	nonhsat039428.2
566	nonhsat039445.2
567	nonhsat039453.2
568	nonhsat039454.2
569	nonhsat039455.2
570	nonhsat039524.2
571	nonhsat039558.2
572	nonhsat039582.2
573	nonhsat039675.2
574	nonhsat039745.2
575	nonhsat039751.2
576	nonhsat039782.2
577	nonhsat040039.2
578	nonhsat040062.2
579	nonhsat040285.2
580	nonhsat040327.2
581	nonhsat040375.2
582	nonhsat040595.2
583	nonhsat040685.2
584	nonhsat040781.2
585	nonhsat040790.2
586	nonhsat040800.2
587	nonhsat040802.2
588	nonhsat040814.2
589	nonhsat040969.2
590	nonhsat040974.2
591	nonhsat040980.2
592	nonhsat040988.2
593	nonhsat041004.2
594	nonhsat041027.2
595	nonhsat041032.2
596	nonhsat041063.2
597	nonhsat041069.2
598	nonhsat041141.2
599	nonhsat041248.2
600	nonhsat041249.2
601	nonhsat041253.2
602	nonhsat041262.2
603	nonhsat041273.2
604	nonhsat041279.2
605	nonhsat041303.2
606	nonhsat041381.2
607	nonhsat041463.2
608	nonhsat041487.2
609	nonhsat041505.2
610	nonhsat041510.2
611	nonhsat041521.2
612	nonhsat041665.2
613	nonhsat041711.2
614	nonhsat041714.2
615	nonhsat041796.2
616	nonhsat041802.2
617	nonhsat041817.2
618	nonhsat041836.2
619	nonhsat041898.2
620	nonhsat041921.2
621	nonhsat041927.2
622	nonhsat041930.2
623	nonhsat041932.2
624	nonhsat041962.2
625	nonhsat041988.2
626	nonhsat042032.2
627	nonhsat042161.2
628	nonhsat042196.2
629	nonhsat042255.2
630	nonhsat042257.2
631	nonhsat042264.2
632	nonhsat042324.2
633	nonhsat042406.2
634	nonhsat042411.2
635	nonhsat042412.2
636	nonhsat042416.2
637	nonhsat042446.2
638	nonhsat043887.2
639	nonhsat043980.2
640	nonhsat044002.2
641	nonhsat044059.2
642	nonhsat044134.2
643	nonhsat044208.2
644	nonhsat046801.2
645	nonhsat046812.2
646	nonhsat046853.2
647	nonhsat046901.2
648	nonhsat047051.2
649	nonhsat047079.2
650	nonhsat047105.2
651	nonhsat047130.2
652	nonhsat047178.2
653	nonhsat047179.2
654	nonhsat047228.2
655	nonhsat047236.2
656	nonhsat047248.2
657	nonhsat047363.2
658	nonhsat047364.2
659	nonhsat047685.2
660	nonhsat047700.2
661	nonhsat047753.2
662	nonhsat047755.2
663	nonhsat047861.2
664	nonhsat047863.2
665	nonhsat047869.2
666	nonhsat047895.2
667	nonhsat047921.2
668	nonhsat047923.2
669	nonhsat047967.2
670	nonhsat047991.2
671	nonhsat047999.2
672	nonhsat048046.2
673	nonhsat048052.2
674	nonhsat048175.2
675	nonhsat048283.2
676	nonhsat048465.2
677	nonhsat049670.2
678	nonhsat049673.2
679	nonhsat049700.2
680	nonhsat050195.2
681	nonhsat050868.2
682	nonhsat050883.2
683	nonhsat051192.2
684	nonhsat051856.2
685	nonhsat052035.2
686	nonhsat052265.2
687	nonhsat052368.2
688	nonhsat052575.2
689	nonhsat052774.2
690	nonhsat052790.2
691	nonhsat052795.2
692	nonhsat052801.2
693	nonhsat052808.2
694	nonhsat052809.2
695	nonhsat052812.2
696	nonhsat052826.2
697	nonhsat052944.2
698	nonhsat052972.2
699	nonhsat053069.2
700	nonhsat053070.2
701	nonhsat053224.2
702	nonhsat053230.2
703	nonhsat053349.2
704	nonhsat053369.2
705	nonhsat053396.2
706	nonhsat053415.2
707	nonhsat053518.2
708	nonhsat053762.2
709	nonhsat053813.2
710	nonhsat053816.2
711	nonhsat053844.2
712	nonhsat053846.2
713	nonhsat053925.2
714	nonhsat053931.2
715	nonhsat054070.2
716	nonhsat054126.2
717	nonhsat054133.2
718	nonhsat054162.2
719	nonhsat054170.2
720	nonhsat054253.2
721	nonhsat054265.2
722	nonhsat054275.2
723	nonhsat054298.2
724	nonhsat054304.2
725	nonhsat054306.2
726	nonhsat054307.2
727	nonhsat054454.2
728	nonhsat054462.2
729	nonhsat054526.2
730	nonhsat054716.2
731	nonhsat054793.2
732	nonhsat054798.2
733	nonhsat054895.2
734	nonhsat054915.2
735	nonhsat054916.2
736	nonhsat054945.2
737	nonhsat054988.2
738	nonhsat054990.2
739	nonhsat055027.2
740	nonhsat055064.2
741	nonhsat055124.2
742	nonhsat055127.2
743	nonhsat055128.2
744	nonhsat055129.2
745	nonhsat055131.2
746	nonhsat055267.2
747	nonhsat055307.2
748	nonhsat055342.2
749	nonhsat055363.2
750	nonhsat055460.2
751	nonhsat055515.2
752	nonhsat055687.2
753	nonhsat055798.2
754	nonhsat056017.2
755	nonhsat056040.2
756	nonhsat056046.2
757	nonhsat056047.2
758	nonhsat056048.2
759	nonhsat056107.2
760	nonhsat056108.2
761	nonhsat056309.2
762	nonhsat056350.2
763	nonhsat056426.2
764	nonhsat056474.2
765	nonhsat056514.2
766	nonhsat056552.2
767	nonhsat056598.2
768	nonhsat056679.2
769	nonhsat056714.2
770	nonhsat056826.2
771	nonhsat057004.2
772	nonhsat057011.2
773	nonhsat057058.2
774	nonhsat057067.2
775	nonhsat057068.2
776	nonhsat057218.2
777	nonhsat058426.2
778	nonhsat058440.2
779	nonhsat058492.2
780	nonhsat058560.2
781	nonhsat058587.2
782	nonhsat058721.2
783	nonhsat058766.2
784	nonhsat058882.2
785	nonhsat058916.2
786	nonhsat058937.2
787	nonhsat058969.2
788	nonhsat059017.2
789	nonhsat059059.2
790	nonhsat059132.2
791	nonhsat059144.2
792	nonhsat059173.2
793	nonhsat059481.2
794	nonhsat059613.2
795	nonhsat059750.2
796	nonhsat059878.2
797	nonhsat060248.2
798	nonhsat060370.2
799	nonhsat060458.2
800	nonhsat060501.2
801	nonhsat060959.2
802	nonhsat060973.2
803	nonhsat061386.2
804	nonhsat061441.2
805	nonhsat063859.2
806	nonhsat063868.2
807	nonhsat063875.2
808	nonhsat063877.2
809	nonhsat063901.2
810	nonhsat063945.2
811	nonhsat063971.2
812	nonhsat063972.2
813	nonhsat063975.2
814	nonhsat063977.2
815	nonhsat063988.2
816	nonhsat063996.2
817	nonhsat063997.2
818	nonhsat064003.2
819	nonhsat064037.2
820	nonhsat064038.2
821	nonhsat064111.2
822	nonhsat064112.2
823	nonhsat064192.2
824	nonhsat064215.2
825	nonhsat064307.2
826	nonhsat065778.2
827	nonhsat065785.2
828	nonhsat065863.2
829	nonhsat065864.2
830	nonhsat065985.2
831	nonhsat066004.2
832	nonhsat066035.2
833	nonhsat066046.2
834	nonhsat066049.2
835	nonhsat066050.2
836	nonhsat066071.2
837	nonhsat066082.2
838	nonhsat066144.2
839	nonhsat066343.2
840	nonhsat066369.2
841	nonhsat066637.2
842	nonhsat066638.2
843	nonhsat066640.2
844	nonhsat066662.2
845	nonhsat066677.2
846	nonhsat066808.2
847	nonhsat066905.2
848	nonhsat066956.2
849	nonhsat066972.2
850	nonhsat067050.2
851	nonhsat067336.2
852	nonhsat067460.2
853	nonhsat067512.2
854	nonhsat067541.2
855	nonhsat067569.2
856	nonhsat067602.2
857	nonhsat067968.2
858	nonhsat068119.2
859	nonhsat068135.2
860	nonhsat068138.2
861	nonhsat068156.2
862	nonhsat068173.2
863	nonhsat068218.2
864	nonhsat068245.2
865	nonhsat068277.2
866	nonhsat068290.2
867	nonhsat068374.2
868	nonhsat068391.2
869	nonhsat068462.2
870	nonhsat068494.2
871	nonhsat068717.2
872	nonhsat068731.2
873	nonhsat068742.2
874	nonhsat068744.2
875	nonhsat068818.2
876	nonhsat069135.2
877	nonhsat069143.2
878	nonhsat069615.2
879	nonhsat069763.2
880	nonhsat069808.2
881	nonhsat069814.2
882	nonhsat069816.2
883	nonhsat069957.2
884	nonhsat069972.2
885	nonhsat070107.2
886	nonhsat070211.2
887	nonhsat070239.2
888	nonhsat070324.2
889	nonhsat070401.2
890	nonhsat070518.2
891	nonhsat070525.2
892	nonhsat070568.2
893	nonhsat070592.2
894	nonhsat070692.2
895	nonhsat070699.2
896	nonhsat070869.2
897	nonhsat070902.2
898	nonhsat070916.2
899	nonhsat070922.2
900	nonhsat070923.2
901	nonhsat071060.2
902	nonhsat071164.2
903	nonhsat071171.2
904	nonhsat071267.2
905	nonhsat071390.2
906	nonhsat071494.2
907	nonhsat071501.2
908	nonhsat071557.2
909	nonhsat071649.2
910	nonhsat071665.2
911	nonhsat071670.2
912	nonhsat071727.2
913	nonhsat071766.2
914	nonhsat071769.2
915	nonhsat071835.2
916	nonhsat071979.2
917	nonhsat072052.2
918	nonhsat072081.2
919	nonhsat072143.2
920	nonhsat072144.2
921	nonhsat072152.2
922	nonhsat072203.2
923	nonhsat072363.2
924	nonhsat072398.2
925	nonhsat072520.2
926	nonhsat072522.2
927	nonhsat072608.2
928	nonhsat072807.2
929	nonhsat072940.2
930	nonhsat072962.2
931	nonhsat072980.2
932	nonhsat072984.2
933	nonhsat073165.2
934	nonhsat073202.2
935	nonhsat073620.2
936	nonhsat073622.2
937	nonhsat073752.2
938	nonhsat073808.2
939	nonhsat073814.2
940	nonhsat073816.2
941	nonhsat073817.2
942	nonhsat073821.2
943	nonhsat073831.2
944	nonhsat073901.2
945	nonhsat073970.2
946	nonhsat074041.2
947	nonhsat074042.2
948	nonhsat074043.2
949	nonhsat074047.2
950	nonhsat074150.2
951	nonhsat074169.2
952	nonhsat074193.2
953	nonhsat074544.2
954	nonhsat074576.2
955	nonhsat074679.2
956	nonhsat074765.2
957	nonhsat074784.2
958	nonhsat074905.2
959	nonhsat074964.2
960	nonhsat075043.2
961	nonhsat075142.2
962	nonhsat075169.2
963	nonhsat075170.2
964	nonhsat075283.2
965	nonhsat075423.2
966	nonhsat075636.2
967	nonhsat075639.2
968	nonhsat075707.2
969	nonhsat075710.2
970	nonhsat075751.2
971	nonhsat075752.2
972	nonhsat075758.2
973	nonhsat075762.2
974	nonhsat075798.2
975	nonhsat075799.2
976	nonhsat075801.2
977	nonhsat075859.2
978	nonhsat075924.2
979	nonhsat075940.2
980	nonhsat075981.2
981	nonhsat075989.2
982	nonhsat075998.2
983	nonhsat076063.2
984	nonhsat076153.2
985	nonhsat076186.2
986	nonhsat076209.2
987	nonhsat076543.2
988	nonhsat076545.2
989	nonhsat076663.2
990	nonhsat076664.2
991	nonhsat076682.2
992	nonhsat076730.2
993	nonhsat076792.2
994	nonhsat076793.2
995	nonhsat076794.2
996	nonhsat076795.2
997	nonhsat076899.2
998	nonhsat077115.2
999	nonhsat077129.2
1000	nonhsat077414.2
1001	nonhsat077462.2
1002	nonhsat077466.2
1003	nonhsat077535.2
1004	nonhsat077838.2
1005	nonhsat077878.2
1006	nonhsat077932.2
1007	nonhsat078002.2
1008	nonhsat078008.2
1009	nonhsat078037.2
1010	nonhsat078075.2
1011	nonhsat078100.2
1012	nonhsat078101.2
1013	nonhsat078217.2
1014	nonhsat078261.2
1015	nonhsat078314.2
1016	nonhsat078683.2
1017	nonhsat078782.2
1018	nonhsat078817.2
1019	nonhsat078845.2
1020	nonhsat078882.2
1021	nonhsat078900.2
1022	nonhsat078918.2
1023	nonhsat078941.2
1024	nonhsat078992.2
1025	nonhsat079004.2
1026	nonhsat079187.2
1027	nonhsat079210.2
1028	nonhsat079231.2
1029	nonhsat079276.2
1030	nonhsat079300.2
1031	nonhsat079340.2
1032	nonhsat079364.2
1033	nonhsat079374.2
1034	nonhsat079548.2
1035	nonhsat079622.2
1036	nonhsat079651.2
1037	nonhsat079661.2
1038	nonhsat079674.2
1039	nonhsat079686.2
1040	nonhsat079748.2
1041	nonhsat079849.2
1042	nonhsat080112.2
1043	nonhsat080206.2
1044	nonhsat080219.2
1045	nonhsat080392.2
1046	nonhsat080412.2
1047	nonhsat080548.2
1048	nonhsat080588.2
1049	nonhsat081008.2
1050	nonhsat081035.2
1051	nonhsat081046.2
1052	nonhsat081089.2
1053	nonhsat081123.2
1054	nonhsat081217.2
1055	nonhsat081240.2
1056	nonhsat081259.2
1057	nonhsat081303.2
1058	nonhsat081395.2
1059	nonhsat081475.2
1060	nonhsat081499.2
1061	nonhsat081501.2
1062	nonhsat081502.2
1063	nonhsat081531.2
1064	nonhsat081595.2
1065	nonhsat081608.2
1066	nonhsat081613.2
1067	nonhsat081686.2
1068	nonhsat081708.2
1069	nonhsat081842.2
1070	nonhsat081862.2
1071	nonhsat081892.2
1072	nonhsat081927.2
1073	nonhsat081935.2
1074	nonhsat081938.2
1075	nonhsat081958.2
1076	nonhsat082006.2
1077	nonhsat082035.2
1078	nonhsat082239.2
1079	nonhsat082242.2
1080	nonhsat082246.2
1081	nonhsat082269.2
1082	nonhsat082319.2
1083	nonhsat082321.2
1084	nonhsat082351.2
1085	nonhsat082353.2
1086	nonhsat082414.2
1087	nonhsat082426.2
1088	nonhsat082457.2
1089	nonhsat082458.2
1090	nonhsat082487.2
1091	nonhsat082933.2
1092	nonhsat082967.2
1093	nonhsat083038.2
1094	nonhsat083043.2
1095	nonhsat083046.2
1096	nonhsat083172.2
1097	nonhsat083214.2
1098	nonhsat083226.2
1099	nonhsat083445.2
1100	nonhsat083449.2
1101	nonhsat083463.2
1102	nonhsat083616.2
1103	nonhsat083698.2
1104	nonhsat083762.2
1105	nonhsat083854.2
1106	nonhsat083925.2
1107	nonhsat083966.2
1108	nonhsat084054.2
1109	nonhsat084382.2
1110	nonhsat084422.2
1111	nonhsat084423.2
1112	nonhsat084534.2
1113	nonhsat084602.2
1114	nonhsat084609.2
1115	nonhsat084616.2
1116	nonhsat084621.2
1117	nonhsat084637.2
1118	nonhsat084646.2
1119	nonhsat084827.2
1120	nonhsat084833.2
1121	nonhsat084838.2
1122	nonhsat084887.2
1123	nonhsat085064.2
1124	nonhsat085075.2
1125	nonhsat086745.2
1126	nonhsat086838.2
1127	nonhsat086890.2
1128	nonhsat087070.2
1129	nonhsat087115.2
1130	nonhsat087195.2
1131	nonhsat087199.2
1132	nonhsat087201.2
1133	nonhsat087271.2
1134	nonhsat087316.2
1135	nonhsat087418.2
1136	nonhsat087446.2
1137	nonhsat087529.2
1138	nonhsat087546.2
1139	nonhsat087600.2
1140	nonhsat087635.2
1141	nonhsat087672.2
1142	nonhsat087761.2
1143	nonhsat087772.2
1144	nonhsat087778.2
1145	nonhsat087871.2
1146	nonhsat087925.2
1147	nonhsat088008.2
1148	nonhsat088014.2
1149	nonhsat088319.2
1150	nonhsat088334.2
1151	nonhsat088370.2
1152	nonhsat088450.2
1153	nonhsat088456.2
1154	nonhsat088514.2
1155	nonhsat088639.2
1156	nonhsat088657.2
1157	nonhsat088941.2
1158	nonhsat089010.2
1159	nonhsat089210.2
1160	nonhsat089265.2
1161	nonhsat089367.2
1162	nonhsat089399.2
1163	nonhsat089479.2
1164	nonhsat089495.2
1165	nonhsat089496.2
1166	nonhsat089609.2
1167	nonhsat089678.2
1168	nonhsat089873.2
1169	nonhsat089900.2
1170	nonhsat089915.2
1171	nonhsat090006.2
1172	nonhsat090106.2
1173	nonhsat090108.2
1174	nonhsat090178.2
1175	nonhsat090223.2
1176	nonhsat090251.2
1177	nonhsat090291.2
1178	nonhsat090320.2
1179	nonhsat090345.2
1180	nonhsat090407.2
1181	nonhsat090755.2
1182	nonhsat090759.2
1183	nonhsat090901.2
1184	nonhsat090919.2
1185	nonhsat090970.2
1186	nonhsat091035.2
1187	nonhsat091038.2
1188	nonhsat091143.2
1189	nonhsat091152.2
1190	nonhsat091241.2
1191	nonhsat091273.2
1192	nonhsat091278.2
1193	nonhsat091419.2
1194	nonhsat091421.2
1195	nonhsat091509.2
1196	nonhsat091524.2
1197	nonhsat091589.2
1198	nonhsat091768.2
1199	nonhsat091769.2
1200	nonhsat092037.2
1201	nonhsat092040.2
1202	nonhsat092042.2
1203	nonhsat092080.2
1204	nonhsat092093.2
1205	nonhsat092148.2
1206	nonhsat092227.2
1207	nonhsat092298.2
1208	nonhsat092342.2
1209	nonhsat092438.2
1210	nonhsat092544.2
1211	nonhsat092546.2
1212	nonhsat092559.2
1213	nonhsat092690.2
1214	nonhsat092691.2
1215	nonhsat092772.2
1216	nonhsat092855.2
1217	nonhsat092997.2
1218	nonhsat093003.2
1219	nonhsat093004.2
1220	nonhsat093126.2
1221	nonhsat093153.2
1222	nonhsat093164.2
1223	nonhsat093167.2
1224	nonhsat093223.2
1225	nonhsat093240.2
1226	nonhsat093388.2
1227	nonhsat093392.2
1228	nonhsat093966.2
1229	nonhsat094029.2
1230	nonhsat094090.2
1231	nonhsat094182.2
1232	nonhsat094227.2
1233	nonhsat094270.2
1234	nonhsat094312.2
1235	nonhsat094425.2
1236	nonhsat094455.2
1237	nonhsat094494.2
1238	nonhsat094546.2
1239	nonhsat094555.2
1240	nonhsat094568.2
1241	nonhsat094608.2
1242	nonhsat094617.2
1243	nonhsat094669.2
1244	nonhsat094676.2
1245	nonhsat094684.2
1246	nonhsat094687.2
1247	nonhsat094799.2
1248	nonhsat094906.2
1249	nonhsat094915.2
1250	nonhsat094933.2
1251	nonhsat095146.2
1252	nonhsat095156.2
1253	nonhsat095515.2
1254	nonhsat095521.2
1255	nonhsat095569.2
1256	nonhsat095570.2
1257	nonhsat095672.2
1258	nonhsat095714.2
1259	nonhsat095717.2
1260	nonhsat095738.2
1261	nonhsat095745.2
1262	nonhsat095797.2
1263	nonhsat095799.2
1264	nonhsat095820.2
1265	nonhsat095885.2
1266	nonhsat095886.2
1267	nonhsat095934.2
1268	nonhsat095954.2
1269	nonhsat096080.2
1270	nonhsat096086.2
1271	nonhsat096119.2
1272	nonhsat096268.2
1273	nonhsat096369.2
1274	nonhsat096372.2
1275	nonhsat096458.2
1276	nonhsat096618.2
1277	nonhsat096640.2
1278	nonhsat096686.2
1279	nonhsat096694.2
1280	nonhsat096695.2
1281	nonhsat096719.2
1282	nonhsat096929.2
1283	nonhsat097037.2
1284	nonhsat097093.2
1285	nonhsat097185.2
1286	nonhsat097252.2
1287	nonhsat097267.2
1288	nonhsat097386.2
1289	nonhsat097398.2
1290	nonhsat097462.2
1291	nonhsat097499.2
1292	nonhsat097569.2
1293	nonhsat097571.2
1294	nonhsat097673.2
1295	nonhsat097804.2
1296	nonhsat097973.2
1297	nonhsat097985.2
1298	nonhsat097990.2
1299	nonhsat098032.2
1300	nonhsat098044.2
1301	nonhsat098048.2
1302	nonhsat098065.2
1303	nonhsat098071.2
1304	nonhsat098084.2
1305	nonhsat098085.2
1306	nonhsat098129.2
1307	nonhsat098132.2
1308	nonhsat098133.2
1309	nonhsat098163.2
1310	nonhsat098196.2
1311	nonhsat098243.2
1312	nonhsat098272.2
1313	nonhsat098480.2
1314	nonhsat098487.2
1315	nonhsat098514.2
1316	nonhsat098625.2
1317	nonhsat098643.2
1318	nonhsat098649.2
1319	nonhsat098666.2
1320	nonhsat098687.2
1321	nonhsat098765.2
1322	nonhsat098766.2
1323	nonhsat099020.2
1324	nonhsat099046.2
1325	nonhsat099141.2
1326	nonhsat099144.2
1327	nonhsat099216.2
1328	nonhsat099232.2
1329	nonhsat099241.2
1330	nonhsat099251.2
1331	nonhsat099430.2
1332	nonhsat099431.2
1333	nonhsat099434.2
1334	nonhsat099505.2
1335	nonhsat099872.2
1336	nonhsat099881.2
1337	nonhsat099919.2
1338	nonhsat099931.2
1339	nonhsat099958.2
1340	nonhsat099965.2
1341	nonhsat099967.2
1342	nonhsat099968.2
1343	nonhsat099969.2
1344	nonhsat099973.2
1345	nonhsat100053.2
1346	nonhsat100055.2
1347	nonhsat100073.2
1348	nonhsat100164.2
1349	nonhsat100211.2
1350	nonhsat100283.2
1351	nonhsat100288.2
1352	nonhsat100290.2
1353	nonhsat100401.2
1354	nonhsat100481.2
1355	nonhsat100622.2
1356	nonhsat100712.2
1357	nonhsat100798.2
1358	nonhsat100800.2
1359	nonhsat100802.2
1360	nonhsat100917.2
1361	nonhsat100950.2
1362	nonhsat100968.2
1363	nonhsat101022.2
1364	nonhsat101044.2
1365	nonhsat101110.2
1366	nonhsat101154.2
1367	nonhsat101244.2
1368	nonhsat101254.2
1369	nonhsat101258.2
1370	nonhsat101269.2
1371	nonhsat101276.2
1372	nonhsat101283.2
1373	nonhsat101350.2
1374	nonhsat101354.2
1375	nonhsat101498.2
1376	nonhsat101622.2
1377	nonhsat101769.2
1378	nonhsat101771.2
1379	nonhsat101833.2
1380	nonhsat101921.2
1381	nonhsat101970.2
1382	nonhsat102002.2
1383	nonhsat102044.2
1384	nonhsat102088.2
1385	nonhsat102257.2
1386	nonhsat102285.2
1387	nonhsat102289.2
1388	nonhsat102296.2
1389	nonhsat102415.2
1390	nonhsat102442.2
1391	nonhsat102457.2
1392	nonhsat102588.2
1393	nonhsat102608.2
1394	nonhsat102668.2
1395	nonhsat102743.2
1396	nonhsat102762.2
1397	nonhsat102788.2
1398	nonhsat102797.2
1399	nonhsat102802.2
1400	nonhsat102807.2
1401	nonhsat102816.2
1402	nonhsat102823.2
1403	nonhsat102909.2
1404	nonhsat102912.2
1405	nonhsat103127.2
1406	nonhsat103133.2
1407	nonhsat103135.2
1408	nonhsat103210.2
1409	nonhsat103296.2
1410	nonhsat103374.2
1411	nonhsat103433.2
1412	nonhsat103491.2
1413	nonhsat103600.2
1414	nonhsat103648.2
1415	nonhsat103651.2
1416	nonhsat103885.2
1417	nonhsat103916.2
1418	nonhsat104073.2
1419	nonhsat104080.2
1420	nonhsat104294.2
1421	nonhsat104493.2
1422	nonhsat104499.2
1423	nonhsat104512.2
1424	nonhsat104556.2
1425	nonhsat104637.2
1426	nonhsat104695.2
1427	nonhsat104697.2
1428	nonhsat104904.2
1429	nonhsat104991.2
1430	nonhsat105070.2
1431	nonhsat105151.2
1432	nonhsat105161.2
1433	nonhsat105199.2
1434	nonhsat105448.2
1435	nonhsat105477.2
1436	nonhsat105522.2
1437	nonhsat105925.2
1438	nonhsat106528.2
1439	nonhsat106547.2
1440	nonhsat106589.2
1441	nonhsat106625.2
1442	nonhsat106648.2
1443	nonhsat106653.2
1444	nonhsat106655.2
1445	nonhsat106735.2
1446	nonhsat106932.2
1447	nonhsat106933.2
1448	nonhsat107038.2
1449	nonhsat107044.2
1450	nonhsat107262.2
1451	nonhsat107266.2
1452	nonhsat107271.2
1453	nonhsat107321.2
1454	nonhsat107479.2
1455	nonhsat107501.2
1456	nonhsat107609.2
1457	nonhsat107637.2
1458	nonhsat107742.2
1459	nonhsat107804.2
1460	nonhsat107901.2
1461	nonhsat107929.2
1462	nonhsat108120.2
1463	nonhsat108152.2
1464	nonhsat108289.2
1465	nonhsat108308.2
1466	nonhsat108367.2
1467	nonhsat108375.2
1468	nonhsat108382.2
1469	nonhsat108425.2
1470	nonhsat108438.2
1471	nonhsat108445.2
1472	nonhsat108471.2
1473	nonhsat108543.2
1474	nonhsat108582.2
1475	nonhsat108615.2
1476	nonhsat108624.2
1477	nonhsat108627.2
1478	nonhsat108917.2
1479	nonhsat108992.2
1480	nonhsat112119.2
1481	nonhsat112122.2
1482	nonhsat112124.2
1483	nonhsat112236.2
1484	nonhsat112287.2
1485	nonhsat112460.2
1486	nonhsat112472.2
1487	nonhsat112474.2
1488	nonhsat112475.2
1489	nonhsat112767.2
1490	nonhsat112843.2
1491	nonhsat112844.2
1492	nonhsat112849.2
1493	nonhsat113139.2
1494	nonhsat113140.2
1495	nonhsat113149.2
1496	nonhsat113194.2
1497	nonhsat113257.2
1498	nonhsat113306.2
1499	nonhsat113313.2
1500	nonhsat113450.2
1501	nonhsat113465.2
1502	nonhsat113481.2
1503	nonhsat113497.2
1504	nonhsat113541.2
1505	nonhsat113544.2
1506	nonhsat113545.2
1507	nonhsat113677.2
1508	nonhsat113679.2
1509	nonhsat113706.2
1510	nonhsat113844.2
1511	nonhsat113863.2
1512	nonhsat113914.2
1513	nonhsat113950.2
1514	nonhsat114356.2
1515	nonhsat114444.2
1516	nonhsat114452.2
1517	nonhsat114453.2
1518	nonhsat114467.2
1519	nonhsat114468.2
1520	nonhsat114469.2
1521	nonhsat114476.2
1522	nonhsat114486.2
1523	nonhsat114508.2
1524	nonhsat114709.2
1525	nonhsat114756.2
1526	nonhsat114788.2
1527	nonhsat114816.2
1528	nonhsat114823.2
1529	nonhsat114850.2
1530	nonhsat115059.2
1531	nonhsat115106.2
1532	nonhsat115182.2
1533	nonhsat115209.2
1534	nonhsat115288.2
1535	nonhsat115380.2
1536	nonhsat115417.2
1537	nonhsat115429.2
1538	nonhsat115529.2
1539	nonhsat115568.2
1540	nonhsat115641.2
1541	nonhsat115652.2
1542	nonhsat115664.2
1543	nonhsat115703.2
1544	nonhsat115713.2
1545	nonhsat115733.2
1546	nonhsat115734.2
1547	nonhsat115857.2
1548	nonhsat115892.2
1549	nonhsat115946.2
1550	nonhsat116016.2
1551	nonhsat116018.2
1552	nonhsat116067.2
1553	nonhsat118707.2
1554	nonhsat118751.2
1555	nonhsat118799.2
1556	nonhsat118801.2
1557	nonhsat118836.2
1558	nonhsat118886.2
1559	nonhsat118917.2
1560	nonhsat118966.2
1561	nonhsat119053.2
1562	nonhsat119097.2
1563	nonhsat119135.2
1564	nonhsat119372.2
1565	nonhsat119402.2
1566	nonhsat119434.2
1567	nonhsat119502.2
1568	nonhsat119518.2
1569	nonhsat119531.2
1570	nonhsat119635.2
1571	nonhsat119641.2
1572	nonhsat119655.2
1573	nonhsat119664.2
1574	nonhsat119675.2
1575	nonhsat119684.2
1576	nonhsat119704.2
1577	nonhsat119714.2
1578	nonhsat119717.2
1579	nonhsat119808.2
1580	nonhsat119809.2
1581	nonhsat119864.2
1582	nonhsat119880.2
1583	nonhsat119987.2
1584	nonhsat120000.2
1585	nonhsat120007.2
1586	nonhsat120055.2
1587	nonhsat120080.2
1588	nonhsat120204.2
1589	nonhsat120209.2
1590	nonhsat120219.2
1591	nonhsat120226.2
1592	nonhsat120232.2
1593	nonhsat120258.2
1594	nonhsat120262.2
1595	nonhsat120276.2
1596	nonhsat120307.2
1597	nonhsat120402.2
1598	nonhsat120415.2
1599	nonhsat120418.2
1600	nonhsat120458.2
1601	nonhsat120464.2
1602	nonhsat120522.2
1603	nonhsat120596.2
1604	nonhsat120899.2
1605	nonhsat121005.2
1606	nonhsat121038.2
1607	nonhsat121098.2
1608	nonhsat121111.2
1609	nonhsat121121.2
1610	nonhsat121201.2
1611	nonhsat121221.2
1612	nonhsat121236.2
1613	nonhsat121283.2
1614	nonhsat121382.2
1615	nonhsat121387.2
1616	nonhsat121498.2
1617	nonhsat121511.2
1618	nonhsat121535.2
1619	nonhsat121615.2
1620	nonhsat121616.2
1621	nonhsat121633.2
1622	nonhsat121668.2
1623	nonhsat121669.2
1624	nonhsat121718.2
1625	nonhsat121765.2
1626	nonhsat121795.2
1627	nonhsat121998.2
1628	nonhsat122011.2
1629	nonhsat122115.2
1630	nonhsat122118.2
1631	nonhsat122124.2
1632	nonhsat122150.2
1633	nonhsat122160.2
1634	nonhsat122291.2
1635	nonhsat122458.2
1636	nonhsat122460.2
1637	nonhsat122540.2
1638	nonhsat122547.2
1639	nonhsat122561.2
1640	nonhsat122589.2
1641	nonhsat122593.2
1642	nonhsat122606.2
1643	nonhsat122625.2
1644	nonhsat122633.2
1645	nonhsat122694.2
1646	nonhsat122723.2
1647	nonhsat122761.2
1648	nonhsat122778.2
1649	nonhsat122815.2
1650	nonhsat122841.2
1651	nonhsat122865.2
1652	nonhsat122914.2
1653	nonhsat123061.2
1654	nonhsat123063.2
1655	nonhsat123136.2
1656	nonhsat123138.2
1657	nonhsat123162.2
1658	nonhsat123220.2
1659	nonhsat123221.2
1660	nonhsat123370.2
1661	nonhsat123374.2
1662	nonhsat123384.2
1663	nonhsat123385.2
1664	nonhsat123391.2
1665	nonhsat123401.2
1666	nonhsat123408.2
1667	nonhsat123438.2
1668	nonhsat123513.2
1669	nonhsat123585.2
1670	nonhsat123692.2
1671	nonhsat123693.2
1672	nonhsat123741.2
1673	nonhsat123879.2
1674	nonhsat124015.2
1675	nonhsat124073.2
1676	nonhsat124106.2
1677	nonhsat124267.2
1678	nonhsat124273.2
1679	nonhsat124334.2
1680	nonhsat124335.2
1681	nonhsat124385.2
1682	nonhsat124436.2
1683	nonhsat124467.2
1684	nonhsat124481.2
1685	nonhsat124555.2
1686	nonhsat124573.2
1687	nonhsat124589.2
1688	nonhsat124614.2
1689	nonhsat124770.2
1690	nonhsat124782.2
1691	nonhsat124972.2
1692	nonhsat124973.2
1693	nonhsat125018.2
1694	nonhsat125034.2
1695	nonhsat125130.2
1696	nonhsat125142.2
1697	nonhsat125160.2
1698	nonhsat125161.2
1699	nonhsat125260.2
1700	nonhsat125261.2
1701	nonhsat125265.2
1702	nonhsat125439.2
1703	nonhsat125498.2
1704	nonhsat125546.2
1705	nonhsat125622.2
1706	nonhsat125630.2
1707	nonhsat125750.2
1708	nonhsat125784.2
1709	nonhsat125791.2
1710	nonhsat125847.2
1711	nonhsat125900.2
1712	nonhsat125946.2
1713	nonhsat126028.2
1714	nonhsat126065.2
1715	nonhsat126086.2
1716	nonhsat126113.2
1717	nonhsat126295.2
1718	nonhsat126489.2
1719	nonhsat126615.2
1720	nonhsat126929.2
1721	nonhsat126950.2
1722	nonhsat126956.2
1723	nonhsat126957.2
1724	nonhsat126961.2
1725	nonhsat126967.2
1726	nonhsat126987.2
1727	nonhsat127001.2
1728	nonhsat127056.2
1729	nonhsat127058.2
1730	nonhsat127091.2
1731	nonhsat127134.2
1732	nonhsat127141.2
1733	nonhsat127201.2
1734	nonhsat127292.2
1735	nonhsat127313.2
1736	nonhsat127374.2
1737	nonhsat127431.2
1738	nonhsat127467.2
1739	nonhsat127587.2
1740	nonhsat127620.2
1741	nonhsat127621.2
1742	nonhsat127622.2
1743	nonhsat127805.2
1744	nonhsat127814.2
1745	nonhsat127891.2
1746	nonhsat128024.2
1747	nonhsat128025.2
1748	nonhsat128043.2
1749	nonhsat128045.2
1750	nonhsat128129.2
1751	nonhsat128169.2
1752	nonhsat128188.2
1753	nonhsat128189.2
1754	nonhsat128193.2
1755	nonhsat128251.2
1756	nonhsat128363.2
1757	nonhsat128403.2
1758	nonhsat128404.2
1759	nonhsat128411.2
1760	nonhsat128584.2
1761	nonhsat128604.2
1762	nonhsat129017.2
1763	nonhsat129020.2
1764	nonhsat129026.2
1765	nonhsat129039.2
1766	nonhsat129049.2
1767	nonhsat129051.2
1768	nonhsat129073.2
1769	nonhsat129080.2
1770	nonhsat129264.2
1771	nonhsat129361.2
1772	nonhsat129412.2
1773	nonhsat129417.2
1774	nonhsat129553.2
1775	nonhsat129647.2
1776	nonhsat129986.2
1777	nonhsat130005.2
1778	nonhsat130006.2
1779	nonhsat130008.2
1780	nonhsat130010.2
1781	nonhsat130018.2
1782	nonhsat130074.2
1783	nonhsat130281.2
1784	nonhsat130334.2
1785	nonhsat130346.2
1786	nonhsat130404.2
1787	nonhsat130429.2
1788	nonhsat130434.2
1789	nonhsat130467.2
1790	nonhsat130469.2
1791	nonhsat130775.2
1792	nonhsat130782.2
1793	nonhsat130953.2
1794	nonhsat130962.2
1795	nonhsat130996.2
1796	nonhsat131038.2
1797	nonhsat131072.2
1798	nonhsat131088.2
1799	nonhsat131104.2
1800	nonhsat131106.2
1801	nonhsat131125.2
1802	nonhsat131127.2
1803	nonhsat131159.2
1804	nonhsat131173.2
1805	nonhsat131185.2
1806	nonhsat131189.2
1807	nonhsat131300.2
1808	nonhsat131616.2
1809	nonhsat131638.2
1810	nonhsat131836.2
1811	nonhsat131932.2
1812	nonhsat131958.2
1813	nonhsat131963.2
1814	nonhsat131979.2
1815	nonhsat132588.2
1816	nonhsat132832.2
1817	nonhsat132848.2
1818	nonhsat132849.2
1819	nonhsat132851.2
1820	nonhsat133133.2
1821	nonhsat133196.2
1822	nonhsat133255.2
1823	nonhsat133286.2
1824	nonhsat133313.2
1825	nonhsat133346.2
1826	nonhsat133389.2
1827	nonhsat133392.2
1828	nonhsat133402.2
1829	nonhsat133537.2
1830	nonhsat133696.2
1831	nonhsat133697.2
1832	nonhsat133713.2
1833	nonhsat133716.2
1834	nonhsat133730.2
1835	nonhsat133739.2
1836	nonhsat133786.2
1837	nonhsat133800.2
1838	nonhsat133828.2
1839	nonhsat133833.2
1840	nonhsat133935.2
1841	nonhsat133997.2
1842	nonhsat134003.2
1843	nonhsat134020.2
1844	nonhsat134322.2
1845	nonhsat134340.2
1846	nonhsat134350.2
1847	nonhsat134524.2
1848	nonhsat134532.2
1849	nonhsat134595.2
1850	nonhsat134601.2
1851	nonhsat134602.2
1852	nonhsat134613.2
1853	nonhsat134684.2
1854	nonhsat134698.2
1855	nonhsat134756.2
1856	nonhsat134758.2
1857	nonhsat134764.2
1858	nonhsat134894.2
1859	nonhsat134905.2
1860	nonhsat135078.2
1861	nonhsat135135.2
1862	nonhsat135165.2
1863	nonhsat135233.2
1864	nonhsat135352.2
1865	nonhsat135444.2
1866	nonhsat135509.2
1867	nonhsat135576.2
1868	nonhsat135582.2
1869	nonhsat135743.2
1870	nonhsat135751.2
1871	nonhsat135822.2
1872	nonhsat135828.2
1873	nonhsat135851.2
1874	nonhsat136259.2
1875	nonhsat136260.2
1876	nonhsat136354.2
1877	nonhsat136803.2
1878	nonhsat136834.2
1879	nonhsat136839.2
1880	nonhsat136900.2
1881	nonhsat137005.2
1882	nonhsat137283.2
1883	nonhsat137303.2
1884	nonhsat137326.2
1885	nonhsat137355.2
1886	nonhsat137487.2
1887	nonhsat137492.2
1888	nonhsat137527.2
1889	nonhsat137539.2
1890	nonhsat137541.2
1891	nonhsat137571.2
1892	nonhsat137589.2
1893	nonhsat137607.2
1894	nonhsat137627.2
1895	nonhsat137668.2
1896	nonhsat137675.2
1897	nonhsat137902.2
1898	nonhsat137988.2
1899	nonhsat137990.2
1900	nonhsat138016.2
1901	nonhsat138078.2
1902	nonhsat138089.2
1903	nonhsat138142.2
1904	nonhsat138143.2
1905	nonhsat138147.2
1906	nonhsat138156.2
1907	nonhsat138172.2
1908	nonhsat138174.2
1909	nonhsat138196.2
1910	nonhsat138255.2
1911	nonhsat138334.2
1912	nonhsat138537.2
1913	nonhsat138539.2
1914	nonhsat138545.2
1915	nonhsat138547.2
1916	nonhsat138609.2
1917	nonhsat138693.2
1918	nonhsat138743.2
1919	nonhsat138761.2
1920	nonhsat138818.2
1921	nonhsat138823.2
1922	nonhsat138966.2
1923	nonhsat138976.2
1924	nonhsat139157.2
1925	nonhsat139215.2
1926	nonhsat139226.2
1927	nonhsat139337.2
1928	nonhsat139628.2
1929	nonhsat139740.2
1930	nonhsat140369.2
1931	nonhsat140501.2
1932	nonhsat140670.2
1933	nonhsat140723.2
1934	nonhsat140736.2
1935	nonhsat140990.2
1936	nonhsat140999.2
1937	nonhsat141017.2
1938	nonhsat141025.2
1939	nonhsat141041.2
1940	nonhsat141063.2
1941	nonhsat141072.2
1942	nonhsat141193.2
1943	nonhsat141525.2
1944	nonhsat141661.2
1945	nonhsat141823.2
1946	nonhsat141838.2
1947	nonhsat141905.2
1948	nonhsat141928.2
1949	nonhsat141949.2
1950	nonhsat141955.2
1951	nonhsat142011.2
1952	nonhsat142090.2
1953	nonhsat142136.2
1954	nonhsat142400.2
1955	nonhsat142582.2
1956	nonhsat142607.2
1957	nonhsat142608.2
1958	nonhsat142612.2
1959	nonhsat143401.2
1960	nonhsat143422.2
1961	nonhsat143557.2
1962	nonhsat143568.2
1963	nonhsat143674.2
1964	nonhsat143750.2
1965	nonhsat143945.2
1966	nonhsat143950.2
1967	nonhsat143979.2
1968	nonhsat144017.2
1969	nonhsat144081.2
1970	nonhsat144112.2
1971	nonhsat144129.2
1972	nonhsat144252.2
1973	nonhsat144274.2
1974	nonhsat144315.2
1975	nonhsat144402.2
1976	nonhsat144408.2
1977	nonhsat144461.2
1978	nonhsat144573.2
1979	nonhsat144648.2
1980	nonhsat144655.2
1981	nonhsat144678.2
1982	nonhsat144766.2
1983	nonhsat144828.2
1984	nonhsat144857.2
1985	nonhsat145165.2
1986	nonhsat145225.2
1987	nonhsat145448.2
1988	nonhsat145455.2
1989	nonhsat145510.2
1990	nonhsat145752.2
1991	nonhsat145765.2
1992	nonhsat145832.2
1993	nonhsat145886.2
1994	nonhsat145920.2
1995	nonhsat145923.2
1996	nonhsat145937.2
1997	nonhsat145950.2
1998	nonhsat145953.2
1999	nonhsat145960.2
2000	nonhsat145961.2
2001	nonhsat145965.2
2002	nonhsat146130.2
2003	nonhsat146362.2
2004	nonhsat146396.2
2005	nonhsat146833.2
2006	nonhsat146839.2
2007	nonhsat147803.2
2008	nonhsat147816.2
2009	nonhsat147818.2
2010	nonhsat147835.2
2011	nonhsat147884.2
2012	nonhsat147969.2
2013	nonhsat148015.2
2014	nonhsat148016.2
